Date,Speed ,Direction ,Energy 
1/5/2019 1:00,"3,39",18,"7,66"
1/5/2019 2:00,"3,17",6,"0,00"
1/5/2019 3:00,"2,51",24,"0,00"
1/5/2019 4:00,"2,84",1,"0,00"
1/5/2019 5:00,"3,23",3,"12,32"
1/5/2019 6:00,"4,78",9,"62,27"
1/5/2019 7:00,"4,54",0,"47,54"
1/5/2019 8:00,"6,47",7,"747,90"
1/5/2019 9:00,"5,37",14,"673,47"
1/5/2019 10:00,"5,13",27,"1.314,75"
1/5/2019 11:00,"5,18",24,"1.190,14"
1/5/2019 12:00,"5,41",9,"489,64"
1/5/2019 13:00,"6,23",11,"1.277,72"
1/5/2019 14:00,"5,96",13,"1.303,11"
1/5/2019 15:00,"6,82",8,"1.708,42"
1/5/2019 16:00,"6,82",10,"1.689,71"
1/5/2019 17:00,"6,63",12,"1.808,72"
1/5/2019 18:00,"6,64",15,"2.297,18"
1/5/2019 19:00,"5,65",19,"2.020,23"
1/5/2019 20:00,"5,53",25,"2.468,64"
1/5/2019 21:00,"6,12",34,"2.928,16"
1/5/2019 22:00,"5,82",35,"2.672,03"
1/5/2019 23:00,"6,63",38,"3.260,00"
2/5/2019 0:00,"7,35",35,"4.966,01"
2/5/2019 1:00,"7,31",37,"4.451,95"
2/5/2019 2:00,"6,85",36,"4.258,34"
2/5/2019 3:00,"7,32",37,"4.597,83"
2/5/2019 4:00,"6,73",37,"4.071,97"
2/5/2019 5:00,"7,24",43,"5.528,32"
2/5/2019 6:00,"7,33",46,"5.253,18"
2/5/2019 7:00,"7,28",41,"5.061,40"
2/5/2019 8:00,"7,84",43,"4.812,76"
2/5/2019 9:00,"7,28",51,"5.114,12"
2/5/2019 10:00,"8,12",60,"7.659,27"
2/5/2019 11:00,"7,64",59,"7.488,08"
2/5/2019 12:00,"7,93",53,"7.293,64"
2/5/2019 13:00,"8,08",65,"6.545,34"
2/5/2019 14:00,"7,04",52,"5.550,94"
2/5/2019 15:00,"8,40",42,"6.390,89"
2/5/2019 16:00,"7,43",47,"5.799,56"
2/5/2019 17:00,"7,92",44,"7.048,90"
2/5/2019 18:00,"7,03",52,"6.031,24"
2/5/2019 19:00,"7,34",53,"5.873,69"
2/5/2019 20:00,"7,86",50,"5.218,72"
2/5/2019 21:00,"6,92",65,"5.934,75"
2/5/2019 22:00,"5,92",66,"4.572,49"
2/5/2019 23:00,"5,50",69,"2.079,92"
3/5/2019 0:00,"5,07",68,"1.863,91"
3/5/2019 1:00,"4,69",66,"1.607,85"
3/5/2019 2:00,"5,16",61,"2.334,14"
3/5/2019 3:00,"3,79",70,"1.164,83"
3/5/2019 4:00,"5,84",45,"2.374,49"
3/5/2019 5:00,"4,49",67,"3.000,10"
3/5/2019 6:00,"3,66",65,"1.441,84"
3/5/2019 7:00,"4,18",55,"1.476,50"
3/5/2019 8:00,"5,29",54,"2.293,09"
3/5/2019 9:00,"5,60",58,"2.780,29"
3/5/2019 10:00,"5,48",64,"2.028,55"
3/5/2019 11:00,"5,50",49,"2.217,01"
3/5/2019 12:00,"5,64",52,"2.152,07"
3/5/2019 13:00,"5,64",48,"2.062,03"
3/5/2019 14:00,"5,26",42,"1.434,26"
3/5/2019 15:00,"4,90",51,"1.281,64"
3/5/2019 16:00,"5,10",21,"859,47"
3/5/2019 17:00,"5,06",40,"1.544,75"
3/5/2019 18:00,"4,92",45,"1.355,93"
3/5/2019 19:00,"4,85",43,"1.021,18"
3/5/2019 20:00,"4,58",33,"1.433,44"
3/5/2019 21:00,"5,47",32,"2.363,04"
3/5/2019 22:00,"4,53",49,"1.444,94"
3/5/2019 23:00,"4,27",66,"1.807,44"
4/5/2019 0:00,"4,90",89,"664,89"
4/5/2019 1:00,"5,98",93,"1.743,57"
4/5/2019 2:00,"5,02",87,"1.246,43"
4/5/2019 3:00,"5,86",88,"1.164,58"
4/5/2019 4:00,"5,89",82,"2.365,67"
4/5/2019 5:00,"5,04",89,"453,32"
4/5/2019 6:00,"5,11",87,"1.896,60"
4/5/2019 7:00,"4,84",82,"1.172,50"
4/5/2019 8:00,"3,09",65,"57,05"
4/5/2019 9:00,"3,17",67,"0,05"
4/5/2019 10:00,"3,10",76,"8,53"
4/5/2019 11:00,"4,11",72,"25,05"
4/5/2019 12:00,"4,26",96,"21,32"
4/5/2019 13:00,"3,72",75,"24,49"
4/5/2019 14:00,"4,22",55,"638,79"
4/5/2019 15:00,"5,46",37,"2.162,26"
4/5/2019 16:00,"6,02",34,"3.115,37"
4/5/2019 17:00,"5,91",41,"3.403,21"
4/5/2019 18:00,"6,44",40,"3.513,18"
4/5/2019 19:00,"6,08",52,"3.320,38"
4/5/2019 20:00,"6,80",72,"4.578,33"
4/5/2019 21:00,"9,32",90,"6.395,13"
4/5/2019 22:00,"10,61",84,"9.004,84"
4/5/2019 23:00,"10,89",86,"9.588,55"
5/5/2019 0:00,"10,45",88,"9.462,85"
5/5/2019 1:00,"10,79",90,"9.023,92"
5/5/2019 2:00,"10,96",89,"9.398,17"
5/5/2019 3:00,"10,73",93,"9.548,50"
5/5/2019 4:00,"11,13",91,"10.974,93"
5/5/2019 5:00,"10,54",93,"10.046,42"
5/5/2019 6:00,"9,49",95,"8.808,56"
5/5/2019 7:00,"8,78",97,"7.550,96"
5/5/2019 8:00,"8,45",100,"5.122,91"
5/5/2019 9:00,"8,75",98,"5.281,89"
5/5/2019 10:00,"8,03",96,"3.748,73"
5/5/2019 11:00,"7,95",102,"3.353,39"
5/5/2019 12:00,"7,58",100,"2.886,14"
5/5/2019 13:00,"6,71",109,"1.535,93"
5/5/2019 14:00,"5,63",103,"719,74"
5/5/2019 15:00,"4,17",103,"19,01"
5/5/2019 16:00,"4,11",91,"11,32"
5/5/2019 17:00,"4,34",81,"293,95"
5/5/2019 18:00,"3,95",77,"90,10"
5/5/2019 19:00,"4,13",94,"0,29"
5/5/2019 20:00,"4,60",114,"274,38"
5/5/2019 21:00,"4,56",117,"690,30"
5/5/2019 22:00,"4,45",126,"800,50"
5/5/2019 23:00,"4,46",133,"761,98"
6/5/2019 0:00,"3,43",129,"49,85"
6/5/2019 1:00,"4,07",136,"30,89"
6/5/2019 2:00,"4,28",136,"514,18"
6/5/2019 3:00,"4,44",152,"842,95"
6/5/2019 4:00,"5,49",212,"1.304,59"
6/5/2019 5:00,"4,56",221,"384,94"
6/5/2019 6:00,"5,22",231,"1.026,26"
6/5/2019 7:00,"5,95",224,"715,87"
6/5/2019 8:00,"4,97",233,"444,86"
6/5/2019 9:00,"4,95",233,"197,56"
6/5/2019 10:00,"5,43",237,"674,16"
6/5/2019 11:00,"5,63",219,"583,10"
6/5/2019 12:00,"6,04",219,"1.268,06"
6/5/2019 13:00,"5,34",230,"831,58"
6/5/2019 14:00,"4,75",246,"889,19"
6/5/2019 15:00,"4,54",244,"919,08"
6/5/2019 16:00,"4,30",257,"720,43"
6/5/2019 17:00,"3,52",260,"123,60"
6/5/2019 18:00,"3,47",267,"112,04"
6/5/2019 19:00,"3,08",256,"123,07"
6/5/2019 20:00,"2,22",267,"197,42"
6/5/2019 21:00,"4,41",241,"425,50"
6/5/2019 22:00,"3,38",174,"137,66"
6/5/2019 23:00,"4,16",177,"306,61"
7/5/2019 0:00,"6,47",201,"1.843,63"
7/5/2019 1:00,"6,81",215,"2.607,18"
7/5/2019 2:00,"7,34",219,"3.823,38"
7/5/2019 3:00,"7,01",205,"2.419,44"
7/5/2019 4:00,"7,91",203,"3.040,71"
7/5/2019 5:00,"9,09",217,"5.483,80"
7/5/2019 6:00,"9,05",214,"5.063,95"
7/5/2019 7:00,"7,65",204,"2.424,37"
7/5/2019 8:00,"9,32",202,"5.321,53"
7/5/2019 9:00,"9,95",203,"6.474,11"
7/5/2019 10:00,"10,66",207,"7.784,25"
7/5/2019 11:00,"11,18",200,"8.450,88"
7/5/2019 12:00,"9,41",199,"5.693,13"
7/5/2019 13:00,"9,46",191,"5.014,65"
7/5/2019 14:00,"10,45",203,"7.627,54"
7/5/2019 15:00,"12,40",200,"10.084,36"
7/5/2019 16:00,"13,43",197,"10.123,32"
7/5/2019 17:00,"11,98",203,"9.720,27"
7/5/2019 18:00,"13,15",205,"11.161,36"
7/5/2019 19:00,"15,60",208,"13.495,22"
7/5/2019 20:00,"14,99",201,"12.550,35"
7/5/2019 21:00,"15,62",190,"12.277,91"
7/5/2019 22:00,"16,14",188,"12.288,93"
7/5/2019 23:00,"15,30",192,"12.242,40"
8/5/2019 0:00,"16,94",199,"13.873,99"
8/5/2019 1:00,"13,70",228,"12.111,41"
8/5/2019 2:00,"10,80",258,"13.253,90"
8/5/2019 3:00,"12,12",246,"12.491,24"
8/5/2019 4:00,"13,51",234,"12.533,14"
8/5/2019 5:00,"14,57",229,"13.478,09"
8/5/2019 6:00,"15,50",230,"14.268,35"
8/5/2019 7:00,"13,56",221,"12.560,79"
8/5/2019 8:00,"14,07",219,"13.017,93"
8/5/2019 9:00,"13,86",237,"13.918,12"
8/5/2019 10:00,"16,94",232,"15.024,45"
8/5/2019 11:00,"18,01",228,"13.904,50"
8/5/2019 12:00,"19,68",237,"14.548,78"
8/5/2019 13:00,"19,43",233,"14.191,51"
8/5/2019 14:00,"20,64",232,"14.829,65"
8/5/2019 15:00,"21,08",242,"13.038,34"
8/5/2019 16:00,"18,94",240,"14.193,59"
8/5/2019 17:00,"17,31",241,"15.328,31"
8/5/2019 18:00,"15,15",247,"14.564,75"
8/5/2019 19:00,"15,96",244,"14.746,03"
8/5/2019 20:00,"13,40",240,"11.160,76"
8/5/2019 21:00,"12,73",237,"11.276,65"
8/5/2019 22:00,"11,81",235,"10.658,07"
8/5/2019 23:00,"10,38",235,"8.343,10"
9/5/2019 0:00,"10,63",225,"8.333,84"
9/5/2019 1:00,"10,45",224,"8.348,70"
9/5/2019 2:00,"10,70",226,"8.374,11"
9/5/2019 3:00,"9,67",226,"7.002,14"
9/5/2019 4:00,"9,96",224,"7.361,14"
9/5/2019 5:00,"8,33",209,"4.432,50"
9/5/2019 6:00,"8,26",200,"4.152,41"
9/5/2019 7:00,"8,58",194,"3.288,09"
9/5/2019 8:00,"9,73",195,"4.783,61"
9/5/2019 9:00,"9,37",193,"4.149,68"
9/5/2019 10:00,"6,81",182,"1.788,20"
9/5/2019 11:00,"4,53",151,"493,60"
9/5/2019 12:00,"4,36",129,"364,82"
9/5/2019 13:00,"5,27",129,"570,89"
9/5/2019 14:00,"5,28",145,"1.484,70"
9/5/2019 15:00,"8,28",202,"4.933,09"
9/5/2019 16:00,"9,71",234,"7.109,19"
9/5/2019 17:00,"12,39",232,"11.043,03"
9/5/2019 18:00,"12,98",234,"12.382,05"
9/5/2019 19:00,"14,33",237,"13.889,61"
9/5/2019 20:00,"13,62",238,"13.333,66"
9/5/2019 21:00,"12,30",234,"10.366,83"
9/5/2019 22:00,"11,10",218,"7.996,92"
9/5/2019 23:00,"12,17",222,"9.513,46"
10/5/2019 0:00,"12,36",227,"9.589,04"
10/5/2019 1:00,"13,00",227,"10.880,81"
10/5/2019 2:00,"9,58",227,"7.082,69"
10/5/2019 3:00,"9,49",222,"5.442,09"
10/5/2019 4:00,"10,57",215,"7.553,40"
10/5/2019 5:00,"10,22",212,"7.715,66"
10/5/2019 6:00,"10,20",204,"6.295,27"
10/5/2019 7:00,"8,54",202,"5.140,06"
10/5/2019 8:00,"10,12",193,"6.130,71"
10/5/2019 9:00,"10,75",199,"7.268,94"
10/5/2019 10:00,"10,79",208,"7.805,71"
10/5/2019 11:00,"10,10",217,"7.535,33"
10/5/2019 12:00,"10,77",220,"8.751,16"
10/5/2019 13:00,"11,14",224,"8.854,82"
10/5/2019 14:00,"11,93",223,"10.051,72"
10/5/2019 15:00,"10,72",236,"8.678,07"
10/5/2019 16:00,"4,43",269,"3.416,03"
10/5/2019 17:00,"4,83",282,"1.866,29"
10/5/2019 18:00,"5,31",281,"3.212,28"
10/5/2019 19:00,"4,87",270,"3.338,65"
10/5/2019 20:00,"4,61",274,"2.382,54"
10/5/2019 21:00,"2,69",267,"1.397,47"
10/5/2019 22:00,"3,17",273,"1.829,06"
10/5/2019 23:00,"2,29",264,"518,41"
11/5/2019 0:00,"1,62",265,"452,24"
11/5/2019 1:00,"2,35",271,"767,42"
11/5/2019 2:00,"3,55",277,"1.414,74"
11/5/2019 3:00,"2,12",271,"1.213,88"
11/5/2019 4:00,"3,03",277,"936,53"
11/5/2019 5:00,"5,67",290,"1.325,90"
11/5/2019 6:00,"4,77",293,"502,55"
11/5/2019 7:00,"3,31",290,"1,63"
11/5/2019 8:00,"2,62",305,"0,00"
11/5/2019 9:00,"2,22",332,"0,00"
11/5/2019 10:00,"1,70",313,"0,00"
11/5/2019 11:00,"2,23",27,"0,00"
11/5/2019 12:00,"1,92",26,"0,00"
11/5/2019 13:00,"2,70",18,"0,87"
11/5/2019 14:00,"3,15",12,"0,25"
11/5/2019 15:00,"3,02",14,"0,24"
11/5/2019 16:00,"4,14",80,"467,00"
11/5/2019 17:00,"4,19",47,"858,26"
11/5/2019 18:00,"4,31",33,"910,88"
11/5/2019 19:00,"4,75",42,"1.447,34"
11/5/2019 20:00,"4,22",72,"1.108,20"
11/5/2019 21:00,"6,20",99,"1.698,88"
11/5/2019 22:00,"7,85",98,"4.618,75"
11/5/2019 23:00,"8,96",97,"6.574,32"
12/5/2019 0:00,"9,67",94,"7.946,02"
12/5/2019 1:00,"8,83",91,"9.242,66"
12/5/2019 2:00,"8,31",90,"8.845,25"
12/5/2019 3:00,"7,51",107,"6.044,84"
12/5/2019 4:00,"8,42",109,"8.784,99"
12/5/2019 5:00,"8,49",107,"8.440,77"
12/5/2019 6:00,"8,81",109,"7.884,30"
12/5/2019 7:00,"7,77",104,"6.562,54"
12/5/2019 8:00,"8,52",103,"7.104,60"
12/5/2019 9:00,"8,32",101,"5.168,07"
12/5/2019 10:00,"8,94",102,"5.564,95"
12/5/2019 11:00,"8,62",103,"5.580,14"
12/5/2019 12:00,"8,11",100,"4.643,48"
12/5/2019 13:00,"7,42",92,"3.306,53"
12/5/2019 14:00,"6,24",91,"1.811,39"
12/5/2019 15:00,"6,30",91,"1.567,66"
12/5/2019 16:00,"6,19",88,"1.638,83"
12/5/2019 17:00,"5,98",91,"1.196,58"
12/5/2019 18:00,"5,45",85,"679,42"
12/5/2019 19:00,"5,23",93,"337,50"
12/5/2019 20:00,"5,39",94,"994,70"
12/5/2019 21:00,"5,90",95,"3.170,39"
12/5/2019 22:00,"5,86",100,"4.460,56"
12/5/2019 23:00,"5,90",108,"3.495,03"
13/05/2019 00:00:00,"6,55",113,"3.939,88"
13/05/2019 01:00:00,"6,44",109,"4.809,30"
13/05/2019 02:00:00,"6,40",115,"3.792,73"
13/05/2019 03:00:00,"6,64",119,"4.051,52"
13/05/2019 04:00:00,"6,58",110,"4.983,67"
13/05/2019 05:00:00,"6,37",107,"4.756,60"
13/05/2019 06:00:00,"6,49",111,"5.445,05"
13/05/2019 07:00:00,"6,56",111,"5.345,63"
13/05/2019 08:00:00,"6,38",110,"4.705,20"
13/05/2019 09:00:00,"5,29",105,"2.324,47"
13/05/2019 10:00:00,"5,22",101,"1.319,83"
13/05/2019 11:00:00,"4,79",94,"229,75"
13/05/2019 12:00:00,"4,51",91,"103,43"
13/05/2019 13:00:00,"5,39",96,"641,10"
13/05/2019 14:00:00,"5,47",98,"713,24"
13/05/2019 15:00:00,"4,69",89,"398,95"
13/05/2019 16:00:00,"4,99",90,"561,97"
13/05/2019 17:00:00,"5,19",90,"435,29"
13/05/2019 18:00:00,"4,88",78,"752,64"
13/05/2019 19:00:00,"4,46",71,"717,37"
13/05/2019 20:00:00,"7,05",90,"2.200,59"
13/05/2019 21:00:00,"8,30",96,"4.875,53"
13/05/2019 22:00:00,"8,48",102,"7.610,08"
13/05/2019 23:00:00,"8,06",105,"6.331,65"
14/05/2019 00:00:00,"7,46",110,"6.229,26"
14/05/2019 01:00:00,"7,65",112,"5.756,33"
14/05/2019 02:00:00,"7,60",123,"4.687,70"
14/05/2019 03:00:00,"8,78",115,"7.386,07"
14/05/2019 04:00:00,"8,51",114,"8.299,93"
14/05/2019 05:00:00,"7,60",113,"6.363,93"
14/05/2019 06:00:00,"6,81",109,"5.483,19"
14/05/2019 07:00:00,"6,69",111,"4.641,63"
14/05/2019 08:00:00,"5,95",111,"3.101,29"
14/05/2019 09:00:00,"5,82",113,"2.631,28"
14/05/2019 10:00:00,"5,72",109,"1.813,09"
14/05/2019 11:00:00,"5,65",116,"1.222,53"
14/05/2019 12:00:00,"3,89",123,"58,52"
14/05/2019 13:00:00,"2,03",158,"0,00"
14/05/2019 14:00:00,"1,41",237,"0,00"
14/05/2019 15:00:00,"4,90",300,"696,27"
14/05/2019 16:00:00,"6,39",301,"954,29"
14/05/2019 17:00:00,"7,08",306,"1.559,26"
14/05/2019 18:00:00,"6,26",310,"919,66"
14/05/2019 19:00:00,"5,90",321,"456,84"
14/05/2019 20:00:00,"3,36",336,"8,36"
14/05/2019 21:00:00,"1,89",342,"0,00"
14/05/2019 22:00:00,"1,18",342,"0,00"
14/05/2019 23:00:00,"1,16",342,"0,00"
15/05/2019 00:00:00,"1,08",320,"0,00"
15/05/2019 01:00:00,"1,26",306,"0,00"
15/05/2019 02:00:00,"2,07",165,"0,00"
15/05/2019 03:00:00,"1,72",133,"0,00"
15/05/2019 04:00:00,"2,69",153,"0,00"
15/05/2019 05:00:00,"2,35",164,"0,00"
15/05/2019 06:00:00,"2,62",154,"0,00"
15/05/2019 07:00:00,"1,84",187,"0,00"
15/05/2019 08:00:00,"3,06",215,"0,00"
15/05/2019 09:00:00,"2,72",243,"0,00"
15/05/2019 10:00:00,"1,50",229,"0,00"
15/05/2019 11:00:00,"2,69",256,"0,09"
15/05/2019 12:00:00,"3,32",254,"0,58"
15/05/2019 13:00:00,"3,36",263,"5,69"
15/05/2019 14:00:00,"3,28",277,"6,80"
15/05/2019 15:00:00,"5,44",286,"1.442,62"
15/05/2019 16:00:00,"4,82",274,"1.349,24"
15/05/2019 17:00:00,"6,11",300,"1.150,55"
15/05/2019 18:00:00,"5,99",296,"1.222,19"
15/05/2019 19:00:00,"6,52",298,"1.527,11"
15/05/2019 20:00:00,"6,24",283,"2.765,67"
15/05/2019 21:00:00,"6,36",285,"2.211,08"
15/05/2019 22:00:00,"2,86",272,"1.477,39"
15/05/2019 23:00:00,"3,59",269,"1.101,76"
16/05/2019 00:00:00,"3,28",261,"548,40"
16/05/2019 01:00:00,"3,23",258,"424,97"
16/05/2019 02:00:00,"4,76",247,"333,02"
16/05/2019 03:00:00,"6,37",250,"1.608,30"
16/05/2019 04:00:00,"5,11",261,"3.207,97"
16/05/2019 05:00:00,"5,14",265,"5.935,48"
16/05/2019 06:00:00,"4,22",270,"5.705,15"
16/05/2019 07:00:00,"4,38",274,"4.678,07"
16/05/2019 08:00:00,"5,68",274,"3.931,54"
16/05/2019 09:00:00,"4,18",274,"3.852,21"
16/05/2019 10:00:00,"4,30",270,"4.132,66"
16/05/2019 11:00:00,"5,87",277,"5.908,15"
16/05/2019 12:00:00,"8,24",285,"6.694,66"
16/05/2019 13:00:00,"8,47",285,"6.399,64"
16/05/2019 14:00:00,"7,41",293,"3.044,80"
16/05/2019 15:00:00,"9,03",290,"5.867,87"
16/05/2019 16:00:00,"11,00",296,"7.355,36"
16/05/2019 17:00:00,"10,80",290,"9.215,13"
16/05/2019 18:00:00,"11,21",289,"10.564,00"
16/05/2019 19:00:00,"13,12",295,"10.262,27"
16/05/2019 20:00:00,"14,69",295,"11.706,91"
16/05/2019 21:00:00,"14,26",296,"11.751,20"
16/05/2019 22:00:00,"15,85",299,"13.113,69"
16/05/2019 23:00:00,"14,89",299,"11.395,70"
17/05/2019 00:00:00,"11,41",307,"9.754,92"
17/05/2019 01:00:00,"12,20",301,"9.544,99"
17/05/2019 02:00:00,"12,10",305,"9.925,72"
17/05/2019 03:00:00,"11,61",312,"9.044,01"
17/05/2019 04:00:00,"10,12",303,"7.118,22"
17/05/2019 05:00:00,"10,28",315,"6.804,74"
17/05/2019 06:00:00,"11,62",304,"7.955,58"
17/05/2019 07:00:00,"11,32",302,"8.660,76"
17/05/2019 08:00:00,"10,78",300,"7.127,95"
17/05/2019 09:00:00,"10,34",298,"6.381,97"
17/05/2019 10:00:00,"9,11",297,"5.871,45"
17/05/2019 11:00:00,"10,17",296,"6.043,37"
17/05/2019 12:00:00,"9,66",301,"5.034,86"
17/05/2019 13:00:00,"11,15",301,"7.534,60"
17/05/2019 14:00:00,"10,29",303,"6.368,85"
17/05/2019 15:00:00,"10,56",298,"6.521,68"
17/05/2019 16:00:00,"10,07",298,"6.605,03"
17/05/2019 17:00:00,"7,35",286,"4.697,76"
17/05/2019 18:00:00,"7,84",286,"5.057,71"
17/05/2019 19:00:00,"8,92",288,"6.271,25"
17/05/2019 20:00:00,"8,30",290,"3.909,14"
17/05/2019 21:00:00,"4,88",280,"2.581,01"
17/05/2019 22:00:00,"7,64",303,"3.040,15"
17/05/2019 23:00:00,"7,88",294,"2.995,06"
18/05/2019 00:00:00,"8,15",289,"4.515,17"
18/05/2019 01:00:00,"7,94",291,"4.012,23"
18/05/2019 02:00:00,"7,46",289,"3.542,96"
18/05/2019 03:00:00,"5,02",278,"3.181,72"
18/05/2019 04:00:00,"9,29",292,"5.960,36"
18/05/2019 05:00:00,"9,45",295,"4.893,99"
18/05/2019 06:00:00,"7,72",289,"3.939,22"
18/05/2019 07:00:00,"9,78",295,"5.075,12"
18/05/2019 08:00:00,"9,27",294,"4.892,28"
18/05/2019 09:00:00,"9,38",297,"5.212,95"
18/05/2019 10:00:00,"6,82",280,"5.376,85"
18/05/2019 11:00:00,"8,31",287,"6.293,92"
18/05/2019 12:00:00,"9,38",294,"5.301,66"
18/05/2019 13:00:00,"10,01",294,"5.950,96"
18/05/2019 14:00:00,"9,01",289,"6.260,20"
18/05/2019 15:00:00,"9,03",289,"5.677,19"
18/05/2019 16:00:00,"8,25",295,"3.250,96"
18/05/2019 17:00:00,"7,46",297,"2.582,20"
18/05/2019 18:00:00,"5,57",288,"1.556,34"
18/05/2019 19:00:00,"4,29",277,"2.357,61"
18/05/2019 20:00:00,"3,28",277,"1.048,93"
18/05/2019 21:00:00,"3,08",277,"939,23"
18/05/2019 22:00:00,"4,66",286,"722,28"
18/05/2019 23:00:00,"6,45",291,"1.616,89"
19/05/2019 00:00:00,"5,97",289,"1.455,10"
19/05/2019 01:00:00,"4,88",288,"463,69"
19/05/2019 02:00:00,"3,71",297,"0,37"
19/05/2019 03:00:00,"3,69",293,"0,19"
19/05/2019 04:00:00,"3,78",294,"29,82"
19/05/2019 05:00:00,"2,40",288,"0,00"
19/05/2019 06:00:00,"2,17",304,"0,00"
19/05/2019 07:00:00,"1,22",309,"0,00"
19/05/2019 08:00:00,"2,55",304,"0,02"
19/05/2019 09:00:00,"3,44",308,"0,30"
19/05/2019 10:00:00,"3,87",336,"1,88"
19/05/2019 11:00:00,"3,36",318,"7,42"
19/05/2019 12:00:00,"4,82",318,"390,12"
19/05/2019 13:00:00,"4,62",309,"313,40"
19/05/2019 14:00:00,"5,49",335,"451,24"
19/05/2019 15:00:00,"6,17",329,"1.276,44"
19/05/2019 16:00:00,"6,44",328,"1.072,06"
19/05/2019 17:00:00,"6,09",342,"893,26"
19/05/2019 18:00:00,"5,92",352,"779,93"
19/05/2019 19:00:00,"3,74",19,"30,66"
19/05/2019 20:00:00,"3,93",17,"588,38"
19/05/2019 21:00:00,"3,92",27,"569,84"
19/05/2019 22:00:00,"4,20",45,"467,29"
19/05/2019 23:00:00,"2,73",67,"0,09"
20/05/2019 00:00:00,"2,99",88,"0,00"
20/05/2019 01:00:00,"2,78",74,"0,01"
20/05/2019 02:00:00,"3,24",92,"2,03"
20/05/2019 03:00:00,"3,04",108,"106,08"
20/05/2019 04:00:00,"4,04",98,"565,37"
20/05/2019 05:00:00,"3,85",104,"0,04"
20/05/2019 06:00:00,"3,37",98,"0,00"
20/05/2019 07:00:00,"3,45",105,"0,02"
20/05/2019 08:00:00,"4,43",119,"1,36"
20/05/2019 09:00:00,"4,62",102,"188,83"
20/05/2019 10:00:00,"4,16",95,"2,27"
20/05/2019 11:00:00,"2,70",128,"0,00"
20/05/2019 12:00:00,"1,81",197,"0,00"
20/05/2019 13:00:00,"1,31",263,"0,00"
20/05/2019 14:00:00,"1,86",8,"0,00"
20/05/2019 15:00:00,"3,04",338,"0,00"
20/05/2019 16:00:00,"2,35",291,"0,00"
20/05/2019 17:00:00,"4,12",290,"30,16"
20/05/2019 18:00:00,"3,47",311,"1,54"
20/05/2019 19:00:00,"2,86",328,"0,00"
20/05/2019 20:00:00,"2,12",345,"0,00"
20/05/2019 21:00:00,"1,74",10,"0,00"
20/05/2019 22:00:00,"1,14",18,"0,00"
20/05/2019 23:00:00,"1,43",21,"0,00"
21/05/2019 00:00:00,"1,49",42,"0,00"
21/05/2019 01:00:00,"2,76",124,"0,00"
21/05/2019 02:00:00,"3,34",123,"0,00"
21/05/2019 03:00:00,"3,85",110,"0,08"
21/05/2019 04:00:00,"2,98",113,"0,00"
21/05/2019 05:00:00,"2,80",108,"0,00"
21/05/2019 06:00:00,"3,16",99,"0,00"
21/05/2019 07:00:00,"2,75",91,"0,00"
21/05/2019 08:00:00,"2,38",91,"0,00"
21/05/2019 09:00:00,"1,89",82,"0,00"
21/05/2019 10:00:00,"1,91",320,"0,00"
21/05/2019 11:00:00,"2,37",30,"0,00"
21/05/2019 12:00:00,"2,74",24,"0,00"
21/05/2019 13:00:00,"2,48",11,"0,00"
21/05/2019 14:00:00,"3,00",15,"0,08"
21/05/2019 15:00:00,"3,26",23,"3,36"
21/05/2019 16:00:00,"3,58",13,"9,44"
21/05/2019 17:00:00,"4,77",13,"116,88"
21/05/2019 18:00:00,"4,08",16,"8,53"
21/05/2019 19:00:00,"3,08",27,"0,00"
21/05/2019 20:00:00,"2,97",68,"0,30"
21/05/2019 21:00:00,"4,05",109,"7,39"
21/05/2019 22:00:00,"3,50",114,"0,01"
21/05/2019 23:00:00,"3,76",119,"0,04"
22/05/2019 00:00:00,"4,16",113,"320,67"
22/05/2019 01:00:00,"5,18",121,"1.034,92"
22/05/2019 02:00:00,"5,38",120,"1.299,61"
22/05/2019 03:00:00,"4,68",119,"998,19"
22/05/2019 04:00:00,"4,06",114,"134,55"
22/05/2019 05:00:00,"4,87",115,"862,16"
22/05/2019 06:00:00,"4,40",130,"566,08"
22/05/2019 07:00:00,"3,65",168,"5,11"
22/05/2019 08:00:00,"3,46",174,"0,00"
22/05/2019 09:00:00,"2,35",219,"0,00"
22/05/2019 10:00:00,"1,16",196,"0,00"
22/05/2019 11:00:00,"1,30",223,"0,00"
22/05/2019 12:00:00,"3,51",261,"146,48"
22/05/2019 13:00:00,"3,24",264,"85,85"
22/05/2019 14:00:00,"4,31",287,"181,51"
22/05/2019 15:00:00,"4,05",283,"340,51"
22/05/2019 16:00:00,"4,18",275,"578,10"
22/05/2019 17:00:00,"5,55",300,"879,55"
22/05/2019 18:00:00,"6,45",302,"1.642,35"
22/05/2019 19:00:00,"5,92",306,"998,47"
22/05/2019 20:00:00,"5,36",311,"435,46"
22/05/2019 21:00:00,"4,91",293,"604,87"
22/05/2019 22:00:00,"1,16",289,"0,00"
22/05/2019 23:00:00,"2,46",271,"0,01"
23/05/2019 00:00:00,"2,86",251,"103,84"
23/05/2019 01:00:00,"4,02",257,"965,31"
23/05/2019 02:00:00,"5,30",243,"1.119,67"
23/05/2019 03:00:00,"4,06",253,"1.759,54"
23/05/2019 04:00:00,"3,45",261,"1.717,49"
23/05/2019 05:00:00,"4,14",256,"1.223,94"
23/05/2019 06:00:00,"3,97",243,"317,19"
23/05/2019 07:00:00,"4,07",235,"21,72"
23/05/2019 08:00:00,"4,76",247,"774,03"
23/05/2019 09:00:00,"4,71",264,"2.407,60"
23/05/2019 10:00:00,"4,53",269,"2.106,77"
23/05/2019 11:00:00,"4,89",269,"1.616,36"
23/05/2019 12:00:00,"4,87",271,"2.239,82"
23/05/2019 13:00:00,"4,98",268,"1.282,51"
23/05/2019 14:00:00,"5,15",276,"1.107,00"
23/05/2019 15:00:00,"5,61",276,"2.524,77"
23/05/2019 16:00:00,"7,62",298,"3.009,48"
23/05/2019 17:00:00,"7,44",305,"2.522,74"
23/05/2019 18:00:00,"5,95",315,"1.049,06"
23/05/2019 19:00:00,"4,96",319,"448,87"
23/05/2019 20:00:00,"3,77",321,"0,00"
23/05/2019 21:00:00,"3,84",315,"51,76"
23/05/2019 22:00:00,"4,66",321,"220,20"
23/05/2019 23:00:00,"3,76",332,"67,07"
24/05/2019 00:00:00,"4,10",332,"35,83"
24/05/2019 01:00:00,"3,76",332,"1,61"
24/05/2019 02:00:00,"3,08",7,"0,00"
24/05/2019 03:00:00,"3,64",3,"0,01"
24/05/2019 04:00:00,"3,59",342,"6,85"
24/05/2019 05:00:00,"3,70",1,"0,30"
24/05/2019 06:00:00,"3,18",1,"0,00"
24/05/2019 07:00:00,"3,88",346,"60,52"
24/05/2019 08:00:00,"3,91",352,"0,78"
24/05/2019 09:00:00,"4,52",346,"30,76"
24/05/2019 10:00:00,"5,21",346,"405,19"
24/05/2019 11:00:00,"5,66",353,"651,51"
24/05/2019 12:00:00,"6,66",5,"1.326,16"
24/05/2019 13:00:00,"6,22",2,"1.310,01"
24/05/2019 14:00:00,"5,98",4,"1.110,21"
24/05/2019 15:00:00,"6,10",19,"2.070,43"
24/05/2019 16:00:00,"6,29",24,"2.101,04"
24/05/2019 17:00:00,"6,72",32,"3.196,01"
24/05/2019 18:00:00,"6,53",31,"2.939,33"
24/05/2019 19:00:00,"6,05",32,"1.549,45"
24/05/2019 20:00:00,"5,41",21,"1.191,88"
24/05/2019 21:00:00,"5,28",35,"1.397,09"
24/05/2019 22:00:00,"4,56",39,"1.235,32"
24/05/2019 23:00:00,"3,69",43,"687,79"
25/05/2019 00:00:00,"4,26",41,"757,51"
25/05/2019 01:00:00,"4,31",34,"657,72"
25/05/2019 02:00:00,"4,38",36,"317,17"
25/05/2019 03:00:00,"3,96",28,"440,11"
25/05/2019 04:00:00,"3,07",15,"17,43"
25/05/2019 05:00:00,"3,21",23,"390,50"
25/05/2019 06:00:00,"3,94",42,"482,73"
25/05/2019 07:00:00,"3,51",55,"543,28"
25/05/2019 08:00:00,"4,19",51,"971,88"
25/05/2019 09:00:00,"4,30",59,"883,80"
25/05/2019 10:00:00,"4,14",42,"519,99"
25/05/2019 11:00:00,"4,02",34,"537,31"
25/05/2019 12:00:00,"4,55",45,"836,09"
25/05/2019 13:00:00,"4,74",18,"604,31"
25/05/2019 14:00:00,"4,59",22,"825,90"
25/05/2019 15:00:00,"5,31",25,"1.228,77"
25/05/2019 16:00:00,"4,84",27,"978,17"
25/05/2019 17:00:00,"4,73",20,"723,18"
25/05/2019 18:00:00,"5,26",11,"425,17"
25/05/2019 19:00:00,"4,30",17,"629,61"
25/05/2019 20:00:00,"3,49",26,"127,55"
25/05/2019 21:00:00,"4,66",31,"795,51"
25/05/2019 22:00:00,"4,01",49,"329,43"
25/05/2019 23:00:00,"4,16",39,"256,45"
26/05/2019 00:00:00,"3,98",30,"1.231,73"
26/05/2019 01:00:00,"3,56",51,"408,38"
26/05/2019 02:00:00,"2,72",55,"0,00"
26/05/2019 03:00:00,"3,15",10,"158,30"
26/05/2019 04:00:00,"4,16",10,"645,86"
26/05/2019 05:00:00,"3,38",27,"376,86"
26/05/2019 06:00:00,"2,72",20,"0,46"
26/05/2019 07:00:00,"3,59",7,"9,40"
26/05/2019 08:00:00,"4,71",7,"76,96"
26/05/2019 09:00:00,"3,57",11,"0,63"
26/05/2019 10:00:00,"3,18",2,"0,00"
26/05/2019 11:00:00,"3,42",343,"0,02"
26/05/2019 12:00:00,"4,19",341,"1,05"
26/05/2019 13:00:00,"3,52",345,"0,50"
26/05/2019 14:00:00,"4,31",329,"8,86"
26/05/2019 15:00:00,"5,40",329,"484,42"
26/05/2019 16:00:00,"5,72",331,"744,38"
26/05/2019 17:00:00,"6,14",331,"758,14"
26/05/2019 18:00:00,"5,68",327,"609,22"
26/05/2019 19:00:00,"6,15",333,"956,56"
26/05/2019 20:00:00,"5,26",330,"665,39"
26/05/2019 21:00:00,"4,58",330,"784,59"
26/05/2019 22:00:00,"2,21",29,"0,00"
26/05/2019 23:00:00,"4,02",325,"29,99"
27/05/2019 00:00:00,"3,47",356,"9,88"
27/05/2019 01:00:00,"3,53",349,"12,89"
27/05/2019 02:00:00,"3,04",352,"0,01"
27/05/2019 03:00:00,"2,62",327,"0,00"
27/05/2019 04:00:00,"2,12",345,"0,00"
27/05/2019 05:00:00,"2,48",327,"0,00"
27/05/2019 06:00:00,"2,90",326,"0,00"
27/05/2019 07:00:00,"4,24",320,"76,65"
27/05/2019 08:00:00,"4,19",341,"75,89"
27/05/2019 09:00:00,"4,34",342,"38,31"
27/05/2019 10:00:00,"4,92",358,"100,02"
27/05/2019 11:00:00,"5,38",352,"414,67"
27/05/2019 12:00:00,"5,09",353,"393,69"
27/05/2019 13:00:00,"4,90",6,"366,67"
27/05/2019 14:00:00,"5,29",2,"524,41"
27/05/2019 15:00:00,"5,51",1,"723,99"
27/05/2019 16:00:00,"6,25",349,"1.030,79"
27/05/2019 17:00:00,"5,40",354,"591,18"
27/05/2019 18:00:00,"6,09",356,"1.197,62"
27/05/2019 19:00:00,"5,06",9,"957,95"
27/05/2019 20:00:00,"4,62",23,"688,41"
27/05/2019 21:00:00,"4,01",20,"501,10"
27/05/2019 22:00:00,"4,37",26,"763,81"
27/05/2019 23:00:00,"4,73",32,"1.189,71"
28/05/2019 00:00:00,"4,80",30,"1.023,59"
28/05/2019 01:00:00,"3,90",30,"496,02"
28/05/2019 02:00:00,"3,50",22,"67,70"
28/05/2019 03:00:00,"4,15",19,"574,21"
28/05/2019 04:00:00,"3,68",22,"306,46"
28/05/2019 05:00:00,"3,87",13,"141,07"
28/05/2019 06:00:00,"3,55",18,"193,40"
28/05/2019 07:00:00,"4,04",23,"205,02"
28/05/2019 08:00:00,"4,08",26,"217,70"
28/05/2019 09:00:00,"4,79",17,"269,81"
28/05/2019 10:00:00,"4,45",12,"39,35"
28/05/2019 11:00:00,"4,65",16,"215,22"
28/05/2019 12:00:00,"4,85",19,"597,03"
28/05/2019 13:00:00,"5,47",14,"1.057,79"
28/05/2019 14:00:00,"5,28",20,"1.001,72"
28/05/2019 15:00:00,"5,52",10,"962,32"
28/05/2019 16:00:00,"5,69",26,"1.653,86"
28/05/2019 17:00:00,"5,77",25,"1.683,51"
28/05/2019 18:00:00,"5,28",20,"1.698,84"
28/05/2019 19:00:00,"5,41",32,"1.944,38"
28/05/2019 20:00:00,"4,90",32,"1.704,03"
28/05/2019 21:00:00,"4,97",57,"2.062,99"
28/05/2019 22:00:00,"3,54",64,"868,26"
28/05/2019 23:00:00,"3,78",73,"863,66"
29/05/2019 00:00:00,"3,09",68,"1.586,27"
29/05/2019 01:00:00,"4,93",51,"2.487,21"
29/05/2019 02:00:00,"4,67",61,"3.673,01"
29/05/2019 03:00:00,"6,08",84,"2.886,85"
29/05/2019 04:00:00,"5,62",91,"1.798,82"
29/05/2019 05:00:00,"6,74",95,"3.666,20"
29/05/2019 06:00:00,"7,03",96,"4.875,33"
29/05/2019 07:00:00,"7,35",97,"4.593,87"
29/05/2019 08:00:00,"7,09",92,"2.482,51"
29/05/2019 09:00:00,"6,58",91,"1.497,37"
29/05/2019 10:00:00,"5,66",93,"649,76"
29/05/2019 11:00:00,"5,16",93,"645,24"
29/05/2019 12:00:00,"4,53",95,"340,91"
29/05/2019 13:00:00,"4,45",79,"506,48"
29/05/2019 14:00:00,"4,57",75,"898,45"
29/05/2019 15:00:00,"5,55",81,"1.332,13"
29/05/2019 16:00:00,"5,48",80,"1.360,46"
29/05/2019 17:00:00,"4,83",76,"958,43"
29/05/2019 18:00:00,"5,30",80,"1.515,98"
29/05/2019 19:00:00,"4,57",75,"1.403,64"
29/05/2019 20:00:00,"4,09",70,"974,49"
29/05/2019 21:00:00,"5,00",72,"1.498,13"
29/05/2019 22:00:00,"6,19",85,"3.038,02"
29/05/2019 23:00:00,"6,68",91,"4.281,26"
30/05/2019 00:00:00,"6,75",87,"4.909,55"
30/05/2019 01:00:00,"5,44",85,"3.835,46"
30/05/2019 02:00:00,"5,66",88,"3.839,96"
30/05/2019 03:00:00,"5,62",92,"3.524,14"
30/05/2019 04:00:00,"5,07",99,"2.462,39"
30/05/2019 05:00:00,"5,26",112,"2.177,61"
30/05/2019 06:00:00,"6,18",114,"2.484,16"
30/05/2019 07:00:00,"4,01",110,"589,94"
30/05/2019 08:00:00,"3,36",112,"65,80"
30/05/2019 09:00:00,"3,76",115,"64,82"
30/05/2019 10:00:00,"3,30",109,"0,00"
30/05/2019 11:00:00,"3,26",108,"0,00"
30/05/2019 12:00:00,"2,76",84,"0,00"
30/05/2019 13:00:00,"1,56",59,"0,00"
30/05/2019 14:00:00,"1,16",276,"0,00"
30/05/2019 15:00:00,"2,40",303,"0,00"
30/05/2019 16:00:00,"5,39",322,"620,19"
30/05/2019 17:00:00,"6,62",338,"1.335,57"
30/05/2019 18:00:00,"4,78",4,"391,24"
30/05/2019 19:00:00,"3,46",28,"222,45"
30/05/2019 20:00:00,"3,55",45,"67,93"
30/05/2019 21:00:00,"4,20",96,"288,77"
30/05/2019 22:00:00,"6,51",90,"2.131,50"
30/05/2019 23:00:00,"6,94",88,"3.856,33"
31/05/2019 00:00:00,"5,43",98,"2.129,56"
31/05/2019 01:00:00,"6,87",94,"3.715,18"
31/05/2019 02:00:00,"7,15",108,"3.644,70"
31/05/2019 03:00:00,"7,58",103,"5.468,21"
31/05/2019 04:00:00,"7,37",111,"4.425,83"
31/05/2019 05:00:00,"7,08",121,"3.821,95"
31/05/2019 06:00:00,"6,34",124,"3.146,23"
31/05/2019 07:00:00,"5,83",127,"2.739,73"
31/05/2019 08:00:00,"5,76",129,"2.756,70"
31/05/2019 09:00:00,"5,68",132,"1.428,76"
31/05/2019 10:00:00,"4,96",136,"164,16"
31/05/2019 11:00:00,"3,89",132,"2,20"
31/05/2019 12:00:00,"3,58",180,"22,27"
31/05/2019 13:00:00,"4,73",237,"429,92"
31/05/2019 14:00:00,"4,52",237,"450,94"
31/05/2019 15:00:00,"4,67",273,"767,41"
31/05/2019 16:00:00,"7,50",297,"2.069,02"
31/05/2019 17:00:00,"6,08",301,"895,10"
31/05/2019 18:00:00,"5,28",303,"453,84"
31/05/2019 19:00:00,"4,41",312,"17,76"
31/05/2019 20:00:00,"2,85",296,"0,00"
31/05/2019 21:00:00,"1,77",330,"0,00"
31/05/2019 22:00:00,"2,46",33,"0,00"
31/05/2019 23:00:00,"2,62",55,"0,00"
1/6/2019 0:00,"2,93",67,"0,00"
1/6/2019 1:00,"4,06",111,"1,92"
1/6/2019 2:00,"3,96",112,"0,00"
1/6/2019 3:00,"3,92",113,"0,00"
1/6/2019 4:00,"2,54",114,"0,00"
1/6/2019 5:00,"0,61",114,"0,00"
1/6/2019 6:00,"0,48",114,"0,00"
1/6/2019 7:00,"0,88",114,"0,00"
1/6/2019 8:00,"1,03",114,"0,00"
1/6/2019 9:00,"1,08",114,"0,00"
1/6/2019 10:00,"2,07",173,"0,00"
1/6/2019 11:00,"4,27",225,"84,02"
1/6/2019 12:00,"4,05",254,"228,46"
1/6/2019 13:00,"4,20",246,"354,15"
1/6/2019 14:00,"4,46",238,"306,39"
1/6/2019 15:00,"4,73",258,"1.004,49"
1/6/2019 16:00,"4,50",256,"658,78"
1/6/2019 17:00,"4,14",274,"839,85"
1/6/2019 18:00,"4,42",284,"469,07"
1/6/2019 19:00,"3,26",287,"47,52"
1/6/2019 20:00,"3,63",291,"86,32"
1/6/2019 21:00,"2,82",260,"273,86"
1/6/2019 22:00,"4,01",247,"412,83"
1/6/2019 23:00,"4,52",216,"302,12"
2/6/2019 0:00,"3,69",201,"45,64"
